{"cameraMode":{"drawMode":0,"name":"Shaded","section":"Shading Mode"},"sceneLighting":true,"audioPlay":false,"sceneViewState":{"m_AlwaysRefresh":false,"showFog":true,"showSkybox":true,"showFlares":true,"showImageEffects":true,"showParticleSystems":true,"showVisualEffectGraphs":true,"m_FxEnabled":true},"in2DMode":false,"pivot":{"x":14.215383529663086,"y":0.8347911834716797,"z":-46.086429595947269},"rotation":{"x":-0.13329824805259705,"y":0.04071814939379692,"z":-0.005481247324496508,"w":-0.9902247786521912},"size":10.844637870788575,"orthographic":false}